Workbook

Sheet 基本情報
A1: 検証記録
A2: 黄色の欄に記入します。灰色の欄は他のシートから自動で計算されます。
A4: 記入者
A5: 記入日
A6: 案件・設計書
A7: 対象ホスト名
A8: 用途
A9: OS
A10: 環境
A11: 構築方式
A12: 何台目
A13: 作業期間
... A20: 工数の集計（分）
A21: 作業区分 | B21: 作業時間 | C21: 待ち時間 | D21: 合計 | E21: 件数
A22: 設計書の読み解き | B22: =SUMIF(工数!$E$4:$E$63,A22,工数!$G$4:$G$63) | C22: =SUMIF(工数!$E$4:$E$63,A22,工数!$H$4:$H$63) | D22: =B22+C22 | E22: =COUNTIF(工数!$E$4:$E$63,A22)
A23: 変数化 | B23: =SUMIF(工数!$E$4:$E$63,A23,工数!$G$4:$G$63) | C23: =SUMIF(工数!$E$4:$E$63,A23,工数!$H$4:$H$63) | D23: =B23+C23 | E23: =COUNTIF(工数!$E$4:$E$63,A23)
A24: コード修正 | B24: =SUMIF(工数!$E$4:$E$63,A24,工数!$G$4:$G$63) | C24: =SUMIF(工数!$E$4:$E$63,A24,工数!$H$4:$H$63) | D24: =B24+C24 | E24: =COUNTIF(工数!$E$4:$E$63,A24)
A25: 実行 | B25: =SUMIF(工数!$E$4:$E$63,A25,工数!$G$4:$G$63) | C25: =SUMIF(工数!$E$4:$E$63,A25,工数!$H$4:$H$63) | D25: =B25+C25 | E25: =COUNTIF(工数!$E$4:$E$63,A25)
A26: 確認 | B26: =SUMIF(工数!$E$4:$E$63,A26,工数!$G$4:$G$63) | C26: =SUMIF(工数!$E$4:$E$63,A26,工数!$H$4:$H$63) | D26: =B26+C26 | E26: =COUNTIF(工数!$E$4:$E$63,A26)
A27: 手戻り | B27: =SUMIF(工数!$E$4:$E$63,A27,工数!$G$4:$G$63) | C27: =SUMIF(工数!$E$4:$E$63,A27,工数!$H$4:$H$63) | D27: =B27+C27 | E27: =COUNTIF(工数!$E$4:$E$63,A27)
A28: 合計 | B28: =SUM(B22:B27) | C28: =SUM(C22:C27) | D28: =SUM(D22:D27) | E28: =SUM(E22:E27)
A29: 手戻り率（手戻り ÷ 作業時間の合計） | B29: =IF(B28=0,"",B27/B28)
A31: 設計項目の結果（件）
A32: ◎ | B32: =COUNTIF(設計項目別結果!$F$4:$F$52,A32)
A33: ○ | B33: =COUNTIF(設計項目別結果!$F$4:$F$52,A33)
A34: △ | B34: =COUNTIF(設計項目別結果!$F$4:$F$52,A34)
A35: × | B35: =COUNTIF(設計項目別結果!$F$4:$F$52,A35)
A36: − | B36: =COUNTIF(設計項目別結果!$F$4:$F$52,A36)
A38: 設計項目の構築方法（件）
A39: 変数のみ | B39: =COUNTIF(設計項目別結果!$G$4:$G$52,A39)
A40: ロール修正 | B40: =COUNTIF(設計項目別結果!$G$4:$G$52,A40)
A41: 新規ロール | B41: =COUNTIF(設計項目別結果!$G$4:$G$52,A41)
A42: 手動 | B42: =COUNTIF(設計項目別結果!$G$4:$G$52,A42)
A43: クラウド側 | B43: =COUNTIF(設計項目別結果!$G$4:$G$52,A43)
A44: 対象外 | B44: =COUNTIF(設計項目別結果!$G$4:$G$52,A44)
A46: 差分・修正の区分（件）
A47: 変数のみ | B47: =COUNTIF(差分・修正!$D$4:$D$63,A47)
A48: ロール修正 | B48: =COUNTIF(差分・修正!$D$4:$D$63,A48)
A49: 新規ロール | B49: =COUNTIF(差分・修正!$D$4:$D$63,A49)
A50: 設計書要確認 | B50: =COUNTIF(差分・修正!$D$4:$D$63,A50)

Sheet 工数
A1: 工数
A2: 1 作業 1 行。作業区分は 6 つから選ぶ。手戻りは初回の作業と分けて記録する。経過は開始・終了から自動計算。
A3: No | B3: 日付 | C3: 開始 | D3: 終了 | E3: 作業区分 | F3: 経過(分) | G3: 作業時間(分) | H3: 待ち時間(分) | I3: 内容 | J3: 備考
A4: 1 | F4: =IF(OR(C4="",D4=""),"",ROUND(MOD(D4-C4,1)*1440,0))
A5: 2 | F5: =IF(OR(C5="",D5=""),"",ROUND(MOD(D5-C5,1)*1440,0))
A6: 3 | F6: =IF(OR(C6="",D6=""),"",ROUND(MOD(D6-C6,1)*1440,0))
A7: 4 | F7: =IF(OR(C7="",D7=""),"",ROUND(MOD(D7-C7,1)*1440,0))
A8: 5 | F8: =IF(OR(C8="",D8=""),"",ROUND(MOD(D8-C8,1)*1440,0))
A9: 6 | F9: =IF(OR(C9="",D9=""),"",ROUND(MOD(D9-C9,1)*1440,0))
A10: 7 | F10: =IF(OR(C10="",D10=""),"",ROUND(MOD(D10-C10,1)*1440,0))
A11: 8 | F11: =IF(OR(C11="",D11=""),"",ROUND(MOD(D11-C11,1)*1440,0))
A12: 9 | F12: =IF(OR(C12="",D12=""),"",ROUND(MOD(D12-C12,1)*1440,0))
A13: 10 | F13: =IF(OR(C13="",D13=""),"",ROUND(MOD(D13-C13,1)*1440,0))
A14: 11 | F14: =IF(OR(C14="",D14=""),"",ROUND(MOD(D14-C14,1)*1440,0))
A15: 12 | F15: =IF(OR(C15="",D15=""),"",ROUND(MOD(D15-C15,1)*1440,0))
... A63: 60 | F63: =IF(OR(C63="",D63=""),"",ROUND(MOD(D63-C63,1)*1440,0))

Sheet 設計項目別結果
A1: 設計項目別結果（構築できた項目 / 構築できなかった項目）
A2: 節番号は設計書ごとに異なるため「設計書の節」に実際の番号を書く。設計書に無い項目は結果を「−」にする。
A3: No | B3: 区分 | C3: 設計項目 | D3: 主な設定内容（参考） | E3: 設計書の節 | F3: 結果 | G3: 構築方法 | H3: 担当ロール / 手順 | I3: 確認方法 | J3: 備考
A4: 1 | B4: 概要 | C4: OSバージョン | D4: OS 版数・エディション
A5: 2 | B5: 概要 | C5: ドメイン参加 | D5: ドメイン / ワークグループ
A6: 3 | B6: 概要 | C6: ユーザアカウント | D6: ドメインユーザ・ローカルユーザ
A7: 4 | B7: 概要 | C7: ドライブ構成 | D7: C: のサイズ、データ領域のドライブ
A8: 5 | B8: 概要 | C8: ネットワーク設定 | D8: IPv6 無効化、IP / DNS
A9: 6 | B9: 概要 | C9: 言語設定 | D9: 日本語、タイムゾーン
A10: 7 | B10: 概要 | C10: リモート接続設定 | D10: リモートデスクトップ、NLA、許可するユーザ
A11: 8 | B11: 概要 | C11: 時刻同期設定 | D11: NTP / ドメイン階層での同期
A12: 9 | B12: 概要 | C12: 役割と機能 | D12: 追加する役割・機能
A13: 10 | B13: 概要 | C13: Windows Defender ファイアウォール | D13: 無効化（NSG / セキュリティグループで制御）
A14: 11 | B14: 概要 | C14: Windows Defender | D14: ポリシーで無効化、無効化の時期
A15: 12 | B15: 概要 | C15: ユーザアカウント制御 | D15: UAC 無効化
... A32: 29 | B32: 詳細 | C32: ローカルグループポリシー | D32: Defender / 自動更新
A33: 30
A34: 31
A35: 32
A36: 33
A37: 34
A38: 35
A39: 36
A40: 37
A41: 38
A42: 39
A43: 40
A44: 41
... A52: 49

Sheet 差分・修正
A1: 差分・修正
A2: 既存資産から変えた箇所を 1 件 1 行。手動構築の場合は記入不要。
A3: No | B3: 設計項目 | C3: 内容 | D3: 区分 | E3: 修正したファイル | F3: コミット | G3: 工数(分) | H3: 標準に取り込むか | I3: 備考
A4: 1
A5: 2
A6: 3
A7: 4
A8: 5
A9: 6
A10: 7
A11: 8
A12: 9
A13: 10
A14: 11
A15: 12
... A63: 60

Sheet 実施手順
A1: 実施手順
A2: 実際にたどった順に書く。次の人がこのシートだけで再現できることを目安にする。
A3: 順 | B3: 作業 | C3: コマンド・操作 | D3: 所要(分) | E3: 備考
A4: 1
A5: 2
A6: 3
A7: 4
A8: 5
A9: 6
A10: 7
A11: 8
A12: 9
A13: 10
A14: 11
A15: 12
... A43: 40

Sheet 課題
A1: 課題
A2: 詰まった点・設計書の不備・改善案を 1 件 1 行。
A3: No | B3: 分類 | C3: 内容 | D3: 影響 | E3: 対応案 | F3: 状態
A4: 1
A5: 2
A6: 3
A7: 4
A8: 5
A9: 6
A10: 7
A11: 8
A12: 9
A13: 10
A14: 11
A15: 12
... A33: 30

Sheet 記入要領
A1: 記入要領（抜粋）
A2: 全文は docs/06_検証記録様式.md を参照。
A4: 作業区分 | B4: 内容（Ansible の場合） | C4: 内容（手動の場合）
A5: 設計書の読み解き | B5: 設計書を読み、何を設定するか・曖昧な点を洗い出す | C5: 同左
A6: 変数化 | B6: 設計値をインベントリ（group_vars / host_vars）に書く | C6: 設計値を作業用の一覧（パラメータシート）に整理する
A7: コード修正 | B7: 変数だけでは表せない差分のために、ロール・Playbook を修正・追加する | C7: 該当なし（記入しない）
A8: 実行 | B8: Playbook を流す | C8: GUI・コマンドで設定する
A9: 確認 | B9: 結果を確かめる（99_verify.yml、証跡、目視） | C9: 同左（99_verify.yml を使ってもよい）
A10: 手戻り | B10: 誤り・失敗のやり直し（原因調査、修正、再実行） | C10: 同左
A12: 記号 | B12: 意味
A13: ◎ | B13: 構築し、99_verify.yml の突合せで自動判定まで確認した
A14: ○ | B14: 構築し、証跡・目視で確認した
A15: △ | B15: 一部のみ構築した、または代替手段で確認した
A16: × | B16: 構築できなかった（理由を備考に書く）
A17: − | B17: 対象外（設計書に記載なし、クラウド側で決まる、構築の範囲外）
A19: 構築方法 | B19: 意味
A20: 変数のみ | B20: 既存のロールに値を渡すだけで構築できた
A21: ロール修正 | B21: 既存のロールの処理を変えた（変数の追加を含む）
A22: 新規ロール | B22: 新しいロールを作った
A23: 手動 | B23: 手作業で設定した
A24: クラウド側 | B24: Azure / AWS / Terraform 側で決まる、または設定する
A25: 対象外 | B25: 構築していない
A27: 区分 | B27: 意味 | C27: 例
A28: 変数のみ | B28: インベントリに値を書くだけで済んだ | C28: ドメイン名、ローカルユーザ
A29: ロール修正 | B29: 既存のロールの処理を変えた | C29: IPv6 無効化の値を変数化した
A30: 新規ロール | B30: 新しいロールを作った | C30: ソフトウェア導入
A31: 設計書要確認 | B31: 設計書の記載が曖昧・矛盾していて決められない | C31: OS 版数の記載が食い違う
